first_name,last_name,gender,age,city,country
Alf,Bairstow,Male,21,New Orleans,United States
Ryon,Jest,Male,25,Yalkhoy-Mokhk,Russia
Silvana,Kitchingman,Female,17,Shebekino,Russia
Colman,McArthur,Male,16,Stockholm,Sweden
Tammara,Thick,Female,31,Sundsvall,Sweden
Dora,Kenwyn,Female,27,Wakimachi,Japan
Bernie,Strutley,Female,34,Dalsjöfors,Sweden
Solomon,Sondland,Male,30,Korolev,Russia
Sherm,Petrollo,Male,62,Qobustan,Azerbaijan
Janot,Kilfoyle,Female,41,Novorossiysk,Russia
Mead,Snook,Female,40,Paita,Peru
Lilllie,Cancellor,Female,48,Nōgata,Japan
Alvis,McMurty,Male,17,Pravda,Russia
Talbert,Cannavan,Male,19,Copa,Peru
Gaynor,Ruddell,Female,39,Bogovarovo,Russia
Daveta,Collelton,Female,15,Sokol’niki,Russia
Aloysius,Noon,Male,20,Kondinskoye,Russia
Joanie,Schoales,Female,22,Jeberos,Peru
Arlana,O'Driscole,Female,58,Bachok,Malaysia
Jasen,Raleston,Male,48,Fort Lauderdale,United States
Bel,Blees,Female,24,Uchaly,Russia
Quint,McGinley,Male,54,Shamkhor,Azerbaijan
Nessi,Laite,Female,62,Rybinsk,Russia
Judie,Dragonette,Female,18,Barda,Azerbaijan
Aaron,Threlfall,Male,44,Mori,Japan
Dudley,McKeowon,Male,58,Olenyok,Russia
Stella,Deackes,Female,64,Izborsk,Russia
Ram,Scirman,Male,52,Bol’shoye Selo,Russia
Kendal,Laimable,Male,15,Partizansk,Russia
Giacobo,Fountain,Male,41,Yaroslavskaya,Russia
Elmore,Abrahamian,Male,23,Rakitnoye,Russia
Helene,McCurrie,Female,20,Nanto-shi,Japan
Creigh,Riddington,Male,65,Stockholm,Sweden
Jasmin,Kempe,Female,63,Quba,Azerbaijan
Henderson,Gunny,Male,34,Dalakovo,Russia
Ellis,Howgate,Male,46,Huntington Beach,United States
Amelita,Southcoat,Female,64,Ogden,United States
Adelheid,Boykett,Female,62,Murmansk,Russia
Swen,Edgeson,Male,17,Ängelholm,Sweden
Dot,Kliment,Female,58,Talcahuano,Chile
Amalee,Seeviour,Female,33,Gaptsakh,Russia
Steve,Emblen,Male,62,Máncora,Peru
Tiff,Addinall,Female,62,Milwaukee,United States
Jedediah,Pullen,Male,25,Sosnovyy Bor,Russia
Miquela,Skegg,Female,31,Hamburg,Germany
Kennett,Atton,Male,29,Hotaka,Japan
Ardeen,Vassay,Female,63,Kota Bharu,Malaysia
Andree,Chivers,Female,22,Vazhiny,Russia
Caryn,Margetson,Female,57,Akron,United States
Homer,Tichelaar,Male,43,Andahuaylillas,Peru
Rurik,Leatherland,Male,24,Millerovo,Russia
Halsy,Brabant,Male,57,Ağdam,Azerbaijan
Moise,Dust,Male,44,Askersund,Sweden
Jacques,Dallman,Male,61,Sernur,Russia
Katee,Renshall,Female,30,Yumbel,Chile
Ermina,Gladdis,Female,45,Zavolzh’ye,Russia
Cathlene,Norree,Female,60,Philadelphia,United States
Laney,Dankov,Male,15,Kokoshkino,Russia
Haleigh,Reavey,Male,22,Grigoropolisskaya,Russia
Siana,Hamshar,Female,65,Newark,United States
Oswell,Ranyard,Male,45,Waco,United States
Annamaria,Clarson,Female,37,Stockholm,Sweden
Andeee,Maffin,Female,47,Nizhniye Achaluki,Russia
Shea,Hacksby,Female,63,Shatki,Russia
Zaria,Pideon,Female,17,Gorshechnoye,Russia
Archie,Mundle,Male,54,Laholm,Sweden
Frank,MacCrachen,Female,59,Neyagawa,Japan
Henrieta,Mullan,Female,57,Glubokiy,Russia
Kayne,Kivlin,Male,37,Lees Summit,United States
Carlo,Masse,Male,48,Kuala Lumpur,Malaysia
Skipp,Vairow,Male,53,Bronnitsy,Russia
Eberhard,Pollicatt,Male,27,Izumi,Japan
Chadwick,Gage,Male,24,Denver,United States
Ginger,Ince,Female,46,Sychëvo,Russia
Dotti,Grolmann,Female,50,Dubki,Russia
Fernando,Shellard,Male,40,Pasadena,United States
Tracey,Moncey,Male,18,Sagae,Japan
Joyann,Iacobassi,Female,44,Kuantan,Malaysia
Rem,Corser,Male,30,Lysekil,Sweden
Janella,Linacre,Female,52,Lesnoy,Russia
Iggy,Biggadyke,Male,33,Quillo,Peru
Homere,Lloyd,Male,23,Nevel’,Russia
Lainey,Gillingwater,Female,43,Nakhodka,Russia
Hamel,Mayne,Male,24,Saño,Peru
Sheena,Sweating,Female,60,Kuala Lumpur,Malaysia
Gib,Ubsdell,Male,29,Yunguyo,Peru
Sibylla,Schnieder,Female,50,Fujikawaguchiko,Japan
Gleda,Myerscough,Female,20,Stockholm,Sweden
Wilhelmine,McMeekin,Female,59,Philadelphia,United States
Frasco,Loutheane,Male,45,Novomichurinsk,Russia
Consuela,Ransley,Female,55,Johanneshov,Sweden
Willie,Rignold,Female,32,Pilcomay,Peru
Dicky,Rosgen,Male,49,Baraba,Russia
Blanch,Bodell,Female,52,Rettikhovka,Russia
Otis,Orr,Male,63,Debesy,Russia
Wyatan,Mettrick,Male,14,Handa,Japan
Samuel,Wickrath,Male,46,Chernoyerkovskaya,Russia
Hazel,Chominski,Female,22,Novopokrovskaya,Russia
Zenia,Byres,Female,37,Knivsta,Sweden
Hagan,Piniur,Male,18,Chaplygin,Russia
Thomas,Fettiplace,Male,42,Kungälv,Sweden
Carmela,Skynner,Female,63,Edissiya,Russia
Bella,Sapp,Female,51,Bagarmossen,Sweden
Monica,Stephens,Female,32,Rameshki,Russia
Humberto,Ditchburn,Male,53,Bershet’,Russia
Rafael,Friatt,Male,14,Aquia,Peru
Aleda,Broggini,Female,65,Berlin,Germany
Vito,Shimony,Male,62,Pribrezhnyy,Russia
Aeriela,Else,Female,56,Vällingby,Sweden
Darnall,Bolam,Male,57,Çalxanqala,Azerbaijan
Zolly,Brearley,Male,50,Isesaki,Japan
Adrian,Croad,Female,36,Itoigawa,Japan
Kliment,Denne,Male,36,Uppsala,Sweden
Kaspar,MacColgan,Male,24,Staropavlovskaya,Russia
Adrien,Rappport,Male,48,Stockholm,Sweden
Major,Anyon,Male,17,Uppsala,Sweden
Bren,Ferraraccio,Male,28,Korenovsk,Russia
Farley,Cohr,Male,42,Falun,Sweden
Reggie,Mechem,Female,33,Själevad,Sweden
Edwina,Vergine,Female,52,Melaka,Malaysia
Joline,Witchalls,Female,48,Arvika,Sweden
Gannie,Sharpe,Male,29,Sovetskaya Gavan’,Russia
Heddi,Stoving,Female,23,Isawa,Japan
Mora,Keirl,Female,64,Melenki,Russia
Merv,Skaife d'Ingerthorpe,Male,25,Västervik,Sweden
Mora,McMillian,Female,57,Mitrofanovka,Russia
Lynne,Giacomi,Female,29,Buenos Aires,Peru
Pattie,Howsley,Male,29,Uppsala,Sweden
Tova,Swadden,Female,65,Kaizuka,Japan
Xena,Aronstein,Female,55,Pamyat’ Parizhskoy Kommuny,Russia
Marillin,Ayton,Female,36,Katsuyama,Japan
Josi,Buntine,Female,61,Katrineholm,Sweden
Tiffi,Dannohl,Female,25,Krasnyy Oktyabr’,Russia
Avictor,Mapplebeck,Male,22,Namioka,Japan
Lane,Hatchette,Male,36,Färgelanda,Sweden
Boot,Martinovic,Male,41,Baryshevo,Russia
Clevey,Bramah,Male,46,Alapayevsk,Russia
Gustavo,Groven,Male,17,Hannover,Germany
Pearl,Wennington,Female,22,Salt Lake City,United States
Matteo,Swinglehurst,Male,26,Kakamigahara,Japan
Liz,Djordjevic,Female,59,Tyler,United States
Dina,Rickell,Female,31,Orlando,United States
Clevie,Howland,Male,43,Stockholm,Sweden
Katerina,Weekes,Female,15,Sviblovo,Russia
Serge,Sinnatt,Male,39,Tomari,Russia
Enrico,Ganing,Male,19,Charlotte,United States
Matthus,Feldberg,Male,52,Temryuk,Russia
Adriena,Haking,Female,33,Zheleznogorsk-Ilimskiy,Russia
Moina,Mathan,Female,26,Kawaguchi,Japan
Dennis,Fothergill,Male,63,Aleksandrovskiy Zavod,Russia
Timi,Shay,Female,37,Fort Lauderdale,United States
Gardie,Hackinge,Male,55,Leninskiy,Russia
Hadria,Tottle,Female,50,Dallas,United States
Marquita,Kamena,Female,41,Vetluga,Russia
Selena,Corkel,Female,27,Annapolis,United States
Oswald,Fiddler,Male,37,Yanahuanca,Peru
Felita,Tyt,Female,64,Yaroslavskiy,Russia
Flo,Thatcham,Female,62,Lobanovo,Russia
Putnam,Perks,Male,39,Stockholm,Sweden
Nanete,Sautter,Female,57,Barranca,Peru
Chaim,Luckhurst,Male,32,Burtunay,Russia
Roxanna,Alexandersson,Female,44,Kota Kinabalu,Malaysia
Dannie,Poppleston,Female,59,Omigawa,Japan
Colby,Blaschek,Male,15,Tomioka,Japan
Susanetta,Greensmith,Female,36,Setaka,Japan
Gery,Chenery,Male,27,Bobrovka,Russia
Cullen,Denney,Male,37,Annino,Russia
Loretta,Hardway,Female,64,Shumikhinskiy,Russia
Bernardina,Siggee,Female,62,Yelets,Russia
Elsy,Besant,Female,59,Sobinka,Russia
Horten,Schreurs,Male,45,Minneapolis,United States
Timothee,Oglesbee,Male,51,Donskoy,Russia
Rayshell,Yukhov,Female,47,Kuzovatovo,Russia
Sasha,Veall,Male,27,Zhukovo,Russia
Reynard,Bardsley,Male,51,Katsuyama,Japan
Donnie,Hoovart,Female,47,Anjō,Japan
Dicky,Foukx,Male,26,Wetzlar,Germany
Marietta,Frew,Male,60,Khadyzhensk,Russia
Dominik,Gertray,Male,37,Utsunomiya-shi,Japan
Anneliese,Konneke,Female,24,Stockholm,Sweden
Galvin,Stanbra,Male,19,Lidingö,Sweden
Lorens,Cressor,Male,55,Tëploye,Russia
Nicolais,Blaker,Male,46,Vikhorevka,Russia
Joceline,Penrice,Female,56,Kirovskiy,Russia
Shelba,Olman,Female,65,Tarko-Sale,Russia
Jacobo,Ringsell,Male,51,Nema,Russia
Berkly,Murra,Male,44,Berlin,Germany
Elisha,Seers,Male,27,Novyy Nekouz,Russia
Dannie,Philipsen,Female,50,Solna,Sweden
Eilis,Rooper,Female,32,Arauco,Chile
Elias,Astin,Male,53,Sacanche,Peru
Burg,Aiskrigg,Male,48,Las Vegas,United States
Aristotle,Dury,Male,15,San Jerónimo,Peru
Deni,Buckett,Female,44,Glubokiy,Russia
Alyse,Gasker,Female,48,Kikuchi,Japan
Marten,Maris,Male,63,Hongos,Peru
Grete,Brannon,Female,64,Novoye Devyatkino,Russia
Trumann,Gleadle,Male,41,Krasnogvardeyets,Russia
Verney,Birbeck,Male,35,Shah Alam,Malaysia
Odille,Winser,Female,26,Khoroshëvo-Mnevniki,Russia
Nancy,Kenninghan,Female,30,Ōta,Japan
Bourke,Rudolfer,Male,63,San Felipe,Peru
Dannie,Clethro,Male,34,Albany,United States
Germaine,Menary,Male,24,Satipo,Peru
Timotheus,Langdridge,Male,15,Stockholm,Sweden
Tammie,Bilney,Female,54,Jönköping,Sweden
Emmery,Nazaret,Male,24,Tayzhina,Russia
Carita,Swannick,Female,15,Groznyy,Russia
Adriano,Sumpton,Male,23,Oklahoma City,United States
Damita,Polding,Female,63,Slavgorod,Russia
Ekaterina,Loggie,Female,54,Volgograd,Russia
Eloisa,Baxill,Female,56,Dachnoye,Russia
Genevra,Mehaffey,Female,25,Takaoka,Japan
Zackariah,McIlraith,Male,63,Grazhdanka,Russia
Berthe,MacPeice,Female,40,Gavrilov-Yam,Russia
Ricky,Butterworth,Female,49,Kuznechnoye,Russia
Mateo,Le Moucheux,Male,22,Uchaly,Russia
Druci,Beange,Female,46,Älvsjö,Sweden
Federica,Bridle,Female,27,Lidingö,Sweden
Alec,Bramhill,Male,30,Pucallpa,Peru
Arvie,Kenworthey,Male,60,Freire,Chile
Francisco,Nendick,Male,62,Naples,United States
Town,Ikringill,Male,46,Chuguyevka,Russia
Britt,Gibke,Male,25,Novopokrovskaya,Russia
Mirna,Vigrass,Female,41,Fukuyama,Japan
Germana,Mantram,Female,61,Taraco,Peru
Maximilien,Going,Male,60,Chichibu,Japan
Marjy,Shearman,Female,24,Lomma,Sweden
Cecilio,Shimwall,Male,32,Tallahassee,United States
Genia,Farron,Female,63,Shemursha,Russia
Drucill,MacMearty,Female,59,Skellefteå,Sweden
Shel,Peat,Female,41,Ust’-Kachka,Russia
Meryl,Quinnell,Male,62,Kirovskiy,Russia
Rowe,Lewsy,Female,50,Ivanteyevka,Russia
Colleen,Domnin,Female,14,Virginia Beach,United States
Danya,Eyres,Male,58,Santiago de Chuco,Peru
Dani,Kanzler,Male,24,Toksovo,Russia
Ulrikaumeko,Bess,Female,47,Tatsunochō-tominaga,Japan
Tammie,Serjeantson,Male,31,Dukhovnitskoye,Russia
Morry,Marco,Male,45,Stockholm,Sweden
Adelaida,Crissil,Female,43,Knoxville,United States
Jefferson,Forsyde,Male,63,Frankfurt am Main,Germany
Tomkin,Johncey,Male,48,Kodamachō-kodamaminami,Japan
Violette,Skett,Female,55,Kagoshima-shi,Japan
Daveen,Swainsbury,Female,52,Srostki,Russia
Isidoro,Roget,Male,50,Velikiy Ustyug,Russia
Teresina,Moriarty,Female,24,Pankovka,Russia
Sosanna,Whodcoat,Female,36,Farmington,United States
Yoko,Wallhead,Female,61,Krasnyy Yar,Russia
Trev,Victor,Male,41,Hörby,Sweden
Shep,Goodson,Male,27,Shiraoka,Japan
Vannie,Braunton,Female,57,Newark,United States
Catlaina,Abbess,Female,26,Pasadena,United States
Jenifer,Radin,Female,55,Yershov,Russia
Dawna,Sparshutt,Female,25,Helsingborg,Sweden
Mercie,Blazevic,Female,22,Ōtsuchi,Japan
Douglas,Braniff,Male,47,Kostrovo,Russia
Melinde,Harberer,Female,50,Corona,United States
Barney,Pyffe,Male,56,Severobaykal’sk,Russia
Fons,Derby,Male,26,Saint Louis,United States
Sutherlan,Tolchard,Male,46,Lyudinovo,Russia
Lou,Axtonne,Female,17,Indianapolis,United States
Bellanca,Sayse,Female,34,Trubchevsk,Russia
Irma,Smiths,Female,22,Louisville,United States
Flory,Kochs,Male,33,Belyy Yar,Russia
Maxie,Cawker,Female,15,Hitachi-Naka,Japan
Rozanna,Scoyne,Female,61,Socota,Peru
Harvey,Jermy,Male,61,San Bernardino,United States
Camile,Padrick,Female,40,Kizilyurt,Russia
Johannes,Halwill,Male,43,Vikhorevka,Russia
Pembroke,Dono,Male,23,Östersund,Sweden
Rustie,Stoggles,Male,49,Kasugai,Japan
Vere,McTear,Female,57,Järna,Sweden
Robinetta,Keyson,Female,55,Sandakan,Malaysia
Diarmid,Ouldcott,Male,46,Kamenka,Russia
Kiel,Skeels,Male,16,Shchukino,Russia
Amalita,Antonescu,Female,29,Solntsevo,Russia
Nisse,Boutell,Female,41,Conima,Peru
Maggee,Terzo,Female,58,Amirdzhan,Azerbaijan
Lynda,Whitby,Female,25,Masalovka,Russia
Venita,Plimmer,Female,34,Galyugayevskaya,Russia
Claribel,Fraczkiewicz,Female,27,Muroran,Japan
Kelvin,Girardet,Male,40,Zaymishche,Russia
Virgilio,Swepson,Male,65,Kamifukuoka,Japan
Meggie,Skilbeck,Female,61,Stockholm,Sweden
Sigfrid,Farncombe,Male,26,Delray Beach,United States
Shellysheldon,Dahill,Male,56,Rochester,United States
Clara,Wheelton,Female,32,Bezhta,Russia
Celine,Caret,Female,62,Tottori,Japan
Jeffie,Zanitti,Male,27,Berëzovyy,Russia
Hedvig,Alger,Female,47,Östersund,Sweden
Merrill,Mynett,Male,50,Lidingö,Sweden
Birgitta,Light,Female,39,Hashimoto,Japan
Noami,Sponer,Female,30,Llauta,Peru
Daren,Kibel,Male,37,New York City,United States
Lind,Meneely,Male,23,Grand Junction,United States
Theo,Gladyer,Male,21,Tierp,Sweden
Aldon,Warrier,Male,47,Wakayama-shi,Japan
Lockwood,Edelheit,Male,24,Niepos,Peru
Margie,Murty,Female,38,Santa Cruz,Peru
Nikola,Dray,Male,33,Philadelphia,United States
Brandais,Bohl,Female,59,Billdal,Sweden
Smith,Petrolli,Male,23,Berlin,Germany
Jamie,O'Kennavain,Male,37,Sovetsk,Russia
Alexina,Gocher,Female,49,Cheyenne,United States
Johnath,Duckels,Female,52,Ordzhonikidzevskaya,Russia
Melly,Holtum,Female,16,Mirskoy,Russia
Lu,Ruddiman,Female,49,Springfield,United States
Larisa,Gelsthorpe,Female,57,Zainsk,Russia
Rudolfo,D'Adda,Male,56,Vershino-Shakhtaminskiy,Russia
Brigitte,Rivallant,Female,18,Shali,Russia
Marchelle,Faireclough,Female,29,Vorob’yovo,Russia
Beverie,Pigne,Female,35,Livadiya,Russia
Nial,Ruperto,Male,56,Rudnya,Russia
Moishe,Syversen,Male,14,Yamazakichō-nakabirose,Japan
Shalna,Maleck,Female,47,Rasskazovo,Russia
Evelyn,Witham,Male,33,Novovarshavka,Russia
Alicia,McGonnell,Female,45,Zyuzino,Russia
Adora,Champion,Female,38,Olofström,Sweden
Merv,Lugard,Male,38,Angered,Sweden
Martie,Greatbatch,Female,56,Grazhdanka,Russia
Pamelina,Goodlake,Female,19,Minas de Marcona,Peru
Obadiah,Corteis,Male,52,Magnitogorsk,Russia
Shawnee,Buckthorp,Female,37,Yashio-shi,Japan
Carlota,Wyeth,Female,30,Bystryanka,Russia
Deborah,Melior,Female,23,Mölndal,Sweden
Robb,Armor,Male,15,Fujishiro,Japan
Elisa,Vaggs,Female,27,Macari,Peru
Fifi,Northage,Female,50,Biny Selo,Azerbaijan
Otho,Letherbury,Male,50,Makhalino,Russia
Cristine,Kirtley,Female,31,Zheleznodorozhnyy,Russia
Hugibert,Bartalini,Male,14,Göteborg,Sweden
Amalle,Monshall,Female,14,Jangas,Peru
Cyrille,Hartgill,Male,23,Mountain View,United States
Kelcie,Lambrick,Female,38,Hägersten,Sweden
Morie,Lendrem,Male,28,Chelyabinsk,Russia
Ilene,Warner,Female,57,Ladozhskaya,Russia
Arne,Fleckness,Male,50,Yarabamba,Peru
Keefe,Perritt,Male,32,Khvalynsk,Russia
Winnifred,Whitehouse,Female,44,Itoigawa,Japan
Fancy,Rubbens,Female,16,Perm,Russia
Othella,Vize,Female,22,Karlskoga,Sweden
Tersina,Speake,Female,46,Manzurka,Russia
Minda,Boxen,Female,39,Burtunay,Russia
Kaela,Sindle,Female,21,Detroit,United States
Vivia,Hutfield,Female,39,Karlshamn,Sweden
Terence,Northleigh,Male,43,Spas-Zaulok,Russia
Rodolphe,Sheward,Male,36,Grästorp,Sweden
Prescott,Hessing,Male,20,Karlstad,Sweden
Floria,Beardmore,Female,43,Sobue,Japan
Leticia,Dudin,Female,48,Izborsk,Russia
Sean,Hallstone,Male,37,Yuxarı Aran,Azerbaijan
Hamnet,Knowling,Male,65,Pyra,Russia
Bennie,Pratchett,Female,43,Mino,Japan
Fifi,McGenis,Female,42,Zelenogradsk,Russia
Rudolfo,Exeter,Male,64,Kota Kinabalu,Malaysia
Englebert,Shimuk,Male,48,Osorno,Chile
Karrie,Duffus,Female,51,Charat,Peru
Ferdy,Eccersley,Male,14,Quellouno,Peru
Lark,Farnin,Female,43,Pittsburgh,United States
Filbert,Longhorne,Male,20,Slavgorod,Russia
Bryanty,Imbrey,Male,25,Uchkeken,Russia
Sisely,Brookbank,Female,37,Karpinsk,Russia
Perice,Penrith,Male,64,Yuxarı Aran,Azerbaijan
Keven,Tipton,Male,57,Solna,Sweden
Laurent,Saladino,Male,42,Ust’-Koksa,Russia
Binky,Bortoletti,Male,51,Tōno,Japan
Bella,Coultas,Female,56,San Agustin,Peru
Auguste,Folomkin,Female,34,Progreso,Peru
Miguelita,Adess,Female,22,Peñaflor,Chile
Cad,Andrejevic,Male,21,Aleksandrovsk-Sakhalinskiy,Russia
Alejoa,Crosi,Male,23,Samashki,Russia
Yuri,Balden,Male,45,Zubtsov,Russia
Linell,Ord,Female,55,Oklahoma City,United States
Lorry,Plowes,Female,14,Limache,Chile
Aurora,Follacaro,Female,24,Ichihara,Japan
Dian,Thornham,Female,21,Ōzu,Japan
Carley,Manon,Female,62,Socabaya,Peru
Mariquilla,Mannie,Female,63,Matsutō,Japan
Byrann,Cruden,Male,65,Kudymkar,Russia
Maryrose,Dionisio,Female,61,Växjö,Sweden
Roobbie,Brose,Female,23,Tsementnozavodskiy,Russia
Golda,Karus,Female,30,Proletarskiy,Russia
Claiborne,Row,Male,34,Kumla,Sweden
Jemimah,Jaimez,Female,36,Philadelphia,United States
Aimee,Olivello,Female,46,Semibratovo,Russia
Domeniga,Sandwith,Female,21,Rybnoye,Russia
Grange,Crippill,Male,21,Hisings Kärra,Sweden
Guillemette,Bagnell,Female,59,Örnsköldsvik,Sweden
Ina,Tippetts,Female,59,Kyurdarmir,Azerbaijan
Orrin,Foster-Smith,Male,14,Alexandria,United States
Susanne,Greeve,Female,34,Putrajaya,Malaysia
Eberhard,Lounds,Male,14,Voronezh,Russia
Marisa,Poyzer,Female,59,Antabamba,Peru
Izaak,Crudgington,Male,20,Ikryanoye,Russia
Tiebout,Goutcher,Male,41,Coayllo,Peru
Albie,Garz,Male,55,Huanchaco,Peru
Florance,Cockshut,Female,65,Älvängen,Sweden
Carrol,Coling,Male,51,Mezhevoy,Russia
Lianne,Binks,Female,39,Novosil’,Russia
Eirena,Peealess,Female,14,Austin,United States
Vlad,Hollows,Male,45,Novopokrovka,Russia
Consalve,Steffens,Male,32,Lidköping,Sweden
Wynny,Geertje,Female,44,Uppsala,Sweden
Kaiser,Glasper,Male,25,Saraktash,Russia
Petronilla,Ayer,Female,28,Newport Beach,United States
Helena,Lowings,Female,24,Gadzhiyevo,Russia
Emlyn,Muggleton,Male,28,Novyy Urgal,Russia
Lowe,Galego,Male,55,Boston,United States
Keene,Purkess,Male,58,Tokyo,Japan
Otis,Romans,Male,21,Daytona Beach,United States
Tammie,Kerford,Female,62,Shaami-Yurt,Russia
Faustina,Trevenu,Female,29,Stockholm,Sweden
Bel,Drysdell,Female,65,Ino,Japan
Pepi,Stienton,Female,42,Sarapul,Russia
Niki,D'Antuoni,Male,20,Puno,Peru
Robbie,Hendrikse,Female,15,Nyagan,Russia
Anatollo,Swadling,Male,25,Columbus,United States
Keen,Cholwell,Male,24,Independencia,Peru
Alvina,Scholard,Female,32,Stockholm,Sweden
Reece,Robertshaw,Male,41,Reno,United States
Tannie,Steenson,Male,42,Sovetskoye,Russia
Edlin,Beedie,Male,16,Düsseldorf,Germany
Margaux,Pickett,Female,62,Uppsala,Sweden
Teddie,Treeby,Female,25,Rodnikovskaya,Russia
Cole,Hallatt,Male,43,Nakanojōmachi,Japan
Georgie,O'Kinneally,Male,19,Rostokino,Russia
Vito,Cheverell,Male,59,Kolyvan’,Russia
Thorpe,Dullingham,Male,21,Priob’ye,Russia
Reuven,Aglione,Male,65,Ushiku,Japan
Wyn,Orum,Male,65,Lynn,United States
Jamima,Blackbourn,Female,16,San Francisco,United States
Rochester,Rockcliff,Male,19,Tyrnyauz,Russia
Lorelle,Woofinden,Female,62,Fort Smith,United States
Rodney,Hoggetts,Male,27,Svenljunga,Sweden
Wayland,McCluskey,Male,56,Erie,United States
Tracie,Risborough,Male,43,Bremen,Germany
Ree,Euplate,Female,57,Whittier,United States
Mauricio,Dixcey,Male,29,Semiluki,Russia
Jeremiah,Casperri,Male,38,Norrköping,Sweden
Erminia,Deavin,Female,19,Mochishche,Russia
Grace,Bellenie,Female,39,Bromma,Sweden
Owen,Dowtry,Male,37,Zhiryatino,Russia
Tobit,Yuille,Male,64,Tarusa,Russia
Thorsten,Clericoates,Male,48,Tyler,United States
Odilia,Gorriessen,Female,22,Dallas,United States
Ryon,Schrinel,Male,51,Stockholm,Sweden
Jacquetta,Steinham,Female,39,Staraya Toropa,Russia
Renado,Laverick,Male,64,Baltiysk,Russia
Bryna,Canner,Female,30,Miura,Japan
Grove,Zuppa,Male,65,Kedrovyy,Russia
Wilfrid,Mibourne,Male,37,Santa Catalina,Peru
Frans,Ceillier,Male,51,Hotaka,Japan
Milt,Hummerston,Male,37,Linköping,Sweden
Daffie,Bratcher,Female,64,Ust’-Isha,Russia
Maurine,Bernlin,Female,50,Komatsushimachō,Japan
Hartwell,Van der Kruis,Male,38,Maştağa,Azerbaijan
Douglass,Zaczek,Male,37,Kungshamn,Sweden
Addy,Sacase,Female,32,Camilaca,Peru
Lilah,Cowoppe,Female,29,Vallenar,Chile
Josey,De Maria,Female,58,Los Andes,Chile
Mead,Balling,Female,55,Nizhniye Vyazovyye,Russia
Scottie,Zorzenoni,Male,32,Vol’nyy Aul,Russia
Donalt,Walkden,Male,47,Satte,Japan
Lucio,Broadbury,Male,47,Maykopskoye,Russia
Nobe,Hammett,Male,41,Atami,Japan
Kiri,Maloney,Female,27,Punta Gorda,United States
Diena,McCaffrey,Female,32,Shchukino,Russia
Inesita,Chazelas,Female,36,Rudnichnyy,Russia
Hilda,Hinsch,Female,39,Perstorp,Sweden
Herb,Trayhorn,Male,39,Berlin,Germany
Oren,Cordell,Male,34,Khomutovo,Russia
Phip,Etty,Male,26,Uren’,Russia
Christopher,Dahlbom,Male,43,Terre Haute,United States
Isador,Dawtrey,Male,43,Grebenskaya,Russia
Stanford,Sheehy,Male,30,Zhulebino,Russia
Cinderella,Theriot,Female,46,Kangar,Malaysia
Hanna,Cant,Female,57,Orekhovo-Borisovo Severnoye,Russia
Rosy,Stronach,Female,54,Krasnoarmeysk,Russia
Latashia,Cullabine,Female,27,Kropotkin,Russia
Donnie,Kipping,Male,57,Hatogaya-honchō,Japan
Emmaline,Wintringham,Female,25,Fort Smith,United States
Lyell,Shiers,Male,32,Daigo,Japan
Jarred,Harragin,Male,29,Nishishinminato,Japan
Evvie,Jansens,Female,15,Kota Kinabalu,Malaysia
Barry,Keeling,Male,33,Ketovo,Russia
Rosalinda,Reeves,Female,41,Bira,Russia
Clement,Apperley,Male,53,Nizhnekamsk,Russia
Oswell,MacRirie,Male,24,Oyskhara,Russia
Laural,Kiendl,Female,51,Shebekino,Russia
Joelynn,Zarfati,Female,28,Kamenskiy,Russia
Chrystal,Linwood,Female,23,Owase,Japan
Meredith,Scandrite,Male,63,Pokrov,Russia
Taber,Horrod,Male,55,Khlevnoye,Russia
Daron,Knewstub,Female,22,Omutninsk,Russia
Dene,Rushmere,Male,38,Miharu,Japan
Gram,Frere,Male,55,Largo,United States
Ashbey,Exer,Male,35,Karlskoga,Sweden
Gaston,Buxam,Male,53,Kadoma,Japan
Cletus,Grinnov,Male,62,Yakovlevo,Russia
Kristian,MacGregor,Male,57,Nizhnepavlovka,Russia
Skylar,Fulcher,Male,34,Chicago,United States
Mortimer,Coldman,Male,47,Okaya,Japan
Sybyl,Stave,Female,26,Borås,Sweden
Belle,Grisard,Female,49,Kakegawa,Japan
Crichton,Bauer,Male,62,Tarui,Japan
Moe,Rubroe,Male,14,Springfield,United States
Farrell,Passey,Male,60,Eskilstuna,Sweden
Myranda,Tapply,Female,41,Budënnovsk,Russia
Chery,Gibling,Female,59,Paucarbamba,Peru
Mag,Lutz,Female,63,Chancay,Peru
Molly,Catcherside,Female,51,Ytterby,Sweden
Wolf,Guerrazzi,Male,50,Fukuma,Japan
Idelle,Lichtfoth,Female,28,Zarechnyy,Russia
Georgeanne,Rawles,Female,59,Klang,Malaysia
Lucien,Fellini,Male,51,Vazhiny,Russia
George,Shearwood,Male,41,Novopokrovskaya,Russia
Vivien,Skully,Female,53,Dubrovka,Russia
Drugi,Odeson,Male,20,Melipilla,Chile
Angelita,Dran,Female,55,Fort Worth,United States
Bernie,Labell,Female,46,Pokrovskoye-Streshnëvo,Russia
Lek,Bulfoot,Male,16,Visim,Russia
Erie,Oblein,Male,50,Berlin,Germany
Trevor,Caveney,Male,65,Toyooka,Japan
Maurise,Rains,Female,59,Grand Rapids,United States
Freedman,MacAirt,Male,36,Challas,Peru
Amber,Dearth,Female,42,Ljungby,Sweden
Faith,McKyrrelly,Female,40,Chattanooga,United States
Berke,Hamflett,Male,33,Staroshcherbinovskaya,Russia
Araldo,Coales,Male,54,Iberia,Peru
Shaylynn,Vanelli,Female,61,Tsuyama,Japan
Gweneth,Caurah,Female,46,Sokol’skoye,Russia
Noelani,Keane,Female,64,Dubrovka,Russia
Bastian,Drakeford,Male,57,Yonkers,United States
Beatrisa,Deakes,Female,53,Nyazepetrovsk,Russia
Deanna,Heathcott,Female,41,Kuala Lumpur,Malaysia
Reilly,Ducker,Male,62,Oranzherei,Russia
Randal,Rickword,Male,20,Nishinoomote,Japan
Vannie,Waterson,Female,41,Uchaly,Russia
Mathilda,Heindrick,Female,52,Ozerki,Russia
Silvano,Sugden,Male,24,Västervik,Sweden
Weber,Cluff,Male,27,Maruoka,Japan
Gavan,Faux,Male,36,Takefu,Japan
Pierson,Paten,Male,38,Boca Raton,United States
Laurice,Jaffra,Female,60,Linköping,Sweden
Lodovico,Killoran,Male,42,Bajo Naranjillo,Peru
Burtie,Fryman,Male,48,Rostov-na-Donu,Russia
Jobye,Espinosa,Female,20,Detchino,Russia
Marika,Burnhard,Female,27,Yazykovo,Russia
Seymour,Yakuntzov,Male,48,Dolinsk,Russia
Aubrette,Sindall,Female,48,Sepahua,Peru
Jacquenetta,Doby,Female,48,Skolkovo,Russia
Herbie,Cottill,Male,48,Hövsan,Azerbaijan
Stevena,Gaffer,Female,45,Springfield,United States
Bastien,Starford,Male,57,Washington,United States
Artur,Denson,Male,14,Moche,Peru
Darci,Cheers,Female,44,Tatsuno,Japan
Guss,Evers,Male,62,Linköping,Sweden
Ewen,Arnecke,Male,47,Gävle,Sweden
Fidelia,Gersam,Female,36,Nabari,Japan
Hilton,Wrightim,Male,32,Salyan,Azerbaijan
Lemar,McRobb,Male,60,Strängnäs,Sweden
Paco,Bettanay,Male,40,Borås,Sweden
Carson,Kinnin,Male,24,Sandachō,Japan
Cary,McBrearty,Male,31,Puerto Maldonado,Peru
Clarence,Potes,Male,49,Nishinomiya-hama,Japan
Renae,Sey,Female,17,Shah Alam,Malaysia
Lloyd,McNae,Male,50,Petro-Slavyanka,Russia
Georgie,Rizzelli,Male,62,Vol’sk,Russia
Cam,Reijmers,Male,53,San Antonio,Chile
Teresina,Baudinet,Female,59,Vilyuchinsk,Russia
Lotta,Bilbey,Female,64,Kobayashi,Japan
Ebenezer,Hartley,Male,24,Kachkanar,Russia
Chick,Vince,Male,26,Älvängen,Sweden
Klarrisa,Kirtley,Female,60,Chicago,United States
Gavra,Pettit,Female,25,Nevel’sk,Russia
Ronnie,Matisse,Female,65,Venëv,Russia
Fancy,Dyke,Female,57,Rochester,United States
Thia,Londsdale,Female,65,Dubna,Russia
Adey,Potkin,Female,38,Kommunar,Russia
Reinwald,Skip,Male,22,Saijō,Japan
Cayla,Karpov,Female,55,Vesëlyy,Russia
Manya,Feldfisher,Female,28,Strömsund,Sweden
Randi,Prior,Female,63,Köln,Germany
Vincent,Gladbach,Male,55,Tocopilla,Chile
Eugenio,Jovovic,Male,63,Rochester,United States
Theodore,Fink,Male,14,Mullovka,Russia
Hillier,Stapford,Male,63,Golovchino,Russia
Jena,Beadnall,Female,31,Mariefred,Sweden
Jessee,Glover,Male,28,Naurskaya,Russia
Mannie,Canfer,Male,41,Linköping,Sweden
Ursulina,Jennick,Female,15,Reading,United States
Hildegarde,Woofinden,Female,55,Sovetskiy,Russia
Carita,Moriarty,Female,46,Fakel,Russia
Jamison,Assad,Male,47,Srednebelaya,Russia
Dan,Sizzey,Male,48,Freiburg im Breisgau,Germany
Freeman,Scotchmore,Male,51,Shelabolikha,Russia
Yankee,Prator,Male,61,Sel’tso,Russia
Reidar,Routh,Male,62,Greenville,United States
Antonino,Govey,Male,34,Iberia,Peru
Hedvig,Chilton,Female,54,San Jose,United States
Beryl,Drewett,Female,31,Chalcos,Peru
Alverta,Beranek,Female,49,Kaz,Russia
Una,Todd,Female,41,Tulyushka,Russia
Kirby,Henden,Male,49,Barda,Azerbaijan
Berri,Bradshaw,Female,17,Tibro,Sweden
Anabella,Owers,Female,58,Acobamba,Peru
Franciska,Geeves,Female,58,Humble,United States
Brigida,Starmont,Female,49,Ängelholm,Sweden
Roseanne,Rockcliffe,Female,42,Chicago,United States
Montgomery,Hedde,Male,47,Bor,Russia
Frank,Glabach,Female,38,Naperville,United States
Zebulon,Lamberto,Male,57,Kasaoka,Japan
Larisa,Talmadge,Female,22,Kopparberg,Sweden
Faydra,Constance,Female,44,Phoenix,United States
Cathlene,Maidens,Female,57,Solna,Sweden
Shaine,Genty,Female,60,Baykit,Russia
Romain,Solon,Male,46,Chadan,Russia
Tybalt,Tiery,Male,16,Hallstahammar,Sweden
Codi,Baskeyfied,Female,22,Gal’bshtadt,Russia
Eddie,Muscott,Male,35,Novyy Uoyan,Russia
Benedikt,McTague,Male,42,Sharan,Russia
Jarrad,Dutson,Male,51,Plavsk,Russia
Sheffie,Sawbridge,Male,56,Huanza,Peru
Hagen,Filipychev,Male,40,Ust’-Isha,Russia
Frederico,Jahnisch,Male,22,Boston,United States
Salli,Barrus,Female,58,Starobachaty,Russia
Sherman,Dorey,Male,64,Medveditskiy,Russia
Melisent,Patkin,Female,41,Sawara,Japan
Damita,Lamport,Female,64,Västra Frölunda,Sweden
Chadwick,Millwater,Male,33,Medveditskiy,Russia
Salomon,Nunnery,Male,40,Punta Gorda,United States
Alecia,Lorking,Female,16,Ivanovka,Russia
Danyelle,Worsnop,Female,45,Uvarovka,Russia
Thurston,Janu,Male,29,Santa Rosa,Peru
Evie,Galliver,Female,65,Omutninsk,Russia
Jules,Grass,Male,38,Acopampa,Peru
Poul,Colchett,Male,63,Longuita,Peru
Carlota,Lethabridge,Female,40,Berlin,Germany
Jacintha,Tubb,Female,25,Linköping,Sweden
Avrom,Guthrie,Male,42,Mönsterås,Sweden
Lazar,Caukill,Male,60,Kurgan,Russia
Dalt,Aubrun,Male,40,San Diego,United States
Mayne,Gelardi,Male,51,Zheleznogorsk,Russia
Shannan,Bescoby,Male,20,Bokhan,Russia
Mattheus,Ayto,Male,32,Pajala,Sweden
Joaquin,Burchmore,Male,36,Kyurdarmir,Azerbaijan
Bobina,Bloomer,Female,34,Glubokiy,Russia
Elle,Wrighton,Female,15,Takahama,Japan
Farley,Yakobovitz,Male,53,Furudate,Japan
Stan,Meadowcraft,Male,36,Seattle,United States
Antonius,Witnall,Male,43,Antipino,Russia
Gratiana,Londing,Female,15,Chashnikovo,Russia
Reba,Wrettum,Female,41,Checacupe,Peru
Tiphani,Cavalier,Female,33,Ed,Sweden
Michale,Taffurelli,Male,15,Berlin,Germany
Gavin,Chellam,Male,19,Ōmiya,Japan
Franklin,Artingstall,Male,65,Yeni Suraxanı,Azerbaijan
Kalindi,Kirlin,Female,49,Philadelphia,United States
Rafferty,Rheaume,Male,62,Palca,Peru
Northrup,Odcroft,Male,36,Stockholm,Sweden
Brook,Vila,Female,18,Uppsala,Sweden
Antonia,Collyear,Female,34,Kuragaki-kosugi,Japan
Fiann,Chotty,Female,22,Shalakusha,Russia
Niven,Lebreton,Male,32,Kostrovo,Russia
Esdras,Jervoise,Male,14,Boston,United States
Stinky,Youles,Male,21,Makar’yev,Russia
Lesley,Skyner,Male,16,Khudoyelanskoye,Russia
Ronica,Yosevitz,Female,59,Torrance,United States
Brett,Uphill,Female,27,Washington,United States
Sylvia,Lansley,Female,53,Minneapolis,United States
Lyndsie,Wiley,Female,28,Solna,Sweden
Stirling,Brouard,Male,22,Podkumskiy,Russia
Alta,Wallbutton,Female,27,Zagoryanskiy,Russia
Liana,Dullingham,Female,52,Ulyanovsk,Russia
Randi,Hoovart,Female,43,Kashima-shi,Japan
Jarrett,Dumbleton,Male,40,Sacramento,United States
Percival,Rosendale,Male,28,Barnaul,Russia
Felicio,Crosgrove,Male,47,Nässjö,Sweden
Caspar,Otto,Male,17,Ust’-Omchug,Russia
Eimile,Josovitz,Female,59,Gastello,Russia
Alma,Cawdell,Female,58,Vinsady,Russia
Pearce,Torregiani,Male,14,Shebekino,Russia
Melesa,Williamson,Female,22,Gorno-Altaysk,Russia
Farrel,Manser,Male,43,Trelleborg,Sweden
Raven,Ryam,Female,36,Uva,Russia
Angel,Kay,Male,49,Penco,Chile
Lib,Wilford,Female,60,Söderköping,Sweden
Jacob,Kurth,Male,36,Valdosta,United States
Cos,Brosi,Male,41,Nagornyy,Russia
Ram,Hawken,Male,37,Gorodets,Russia
Husein,Cannam,Male,34,Anchorage,United States
Minta,Shinn,Female,34,Kuala Terengganu,Malaysia
Adriane,Gilbert,Female,63,Nusajaya,Malaysia
Johannes,Walsham,Male,48,Sakata,Japan
Ermentrude,Fairest,Female,63,Jayune,Peru
Carver,Bruhn,Male,65,Ängelholm,Sweden
Huntlee,Wiltshire,Male,60,Furudate,Japan
Somerset,Gossage,Male,45,Shimabara,Japan
Marlyn,Catlow,Female,47,Zelenoborskiy,Russia
Gunner,Le Grys,Male,62,Quba,Azerbaijan
Elna,Worrall,Female,35,Ustyuzhna,Russia
Brent,Goymer,Male,21,San Jose,United States
Tawnya,Leavy,Female,48,Pucara,Peru
Eba,Jikovsky,Female,39,Shatoja,Peru
Derwin,Richarson,Male,21,Povenets,Russia
Faye,Slopier,Female,32,Storozhevaya,Russia
Toddy,Cromarty,Male,21,Maebaru,Japan
Had,Pellamonuten,Male,42,Sim,Russia
Valle,Rubi,Male,46,Granada,Peru
Dan,Duignan,Male,65,Tsaritsyno,Russia
Godart,Anderer,Male,56,Penco,Chile
Ania,Alkin,Female,29,Muquiyauyo,Peru
Randa,Jerromes,Female,29,Yokkaichi,Japan
Thibaud,Beadel,Male,16,Verkhniye Achaluki,Russia
Waylen,Maudett,Male,19,Kanoya,Japan
Janet,Andreassen,Female,36,Vilque,Peru
Emanuel,Fay,Male,46,Gujō,Japan
Jerrylee,Cordell,Female,22,Nässjö,Sweden
Jessalin,Ghelardoni,Female,39,Dinskaya,Russia
Ingram,Shaddock,Male,52,Pashiya,Russia
Amargo,Southernwood,Female,58,Stockholm,Sweden
Kleon,Kinge,Male,22,Sabnova,Russia
Feliza,Menault,Female,50,Umeå,Sweden
Arnold,Assiratti,Male,38,Fort Worth,United States
Catina,Ridges,Female,17,Miyakonojō,Japan
Mendie,Dowthwaite,Male,45,Kovdor,Russia
Maynard,Hanwright,Male,48,Mikun’,Russia
Tildie,Kowalik,Female,31,Isahaya,Japan
Damaris,Broome,Female,37,Iberia,Peru
Christabel,Davidow,Female,26,Nagasaki-shi,Japan
Gertruda,Fancy,Female,60,Velizh,Russia
Linet,Nevett,Female,60,Haebaru,Japan
Northrup,Bohling,Male,59,Ocongate,Peru
Abrahan,Heitz,Male,33,Västerås,Sweden
Darby,Delany,Male,45,Timrå,Sweden
Wandie,Tebbet,Female,46,Kirovgrad,Russia
Rhody,Springthorpe,Female,41,Filipstad,Sweden
Domenico,Sorton,Male,39,Ayabe,Japan
Ivor,Pulsford,Male,61,Kuytun,Russia
Johnette,Tassell,Female,59,Umi,Japan
Norman,Lang,Male,55,Sinegor'ye,Russia
Sebastian,Alldridge,Male,49,Hyattsville,United States
Basilio,Schwander,Male,44,Carania,Peru
Faith,MacRedmond,Female,43,Stockholm,Sweden
Farley,Arnao,Male,36,Zyablikovo,Russia
Carlyn,Antoszczyk,Female,55,Korfovskiy,Russia
Fina,Perrin,Female,41,Cochabamba,Peru
Trev,Birdsall,Male,36,Poshekhon’ye,Russia
Rakel,Parkyns,Female,64,Tanabe,Japan
Rutter,Tibbetts,Male,48,Hammarö,Sweden
Nicki,Beccles,Female,40,Mañazo,Peru
Vanya,Gawith,Female,25,Sviblovo,Russia
Hunt,Graben,Male,54,Salt Lake City,United States
Chrissie,Caw,Male,30,Belgorod,Russia
Ninette,Terrell,Female,29,Georgiyevsk,Russia
Em,Beat,Male,16,Skelleftehamn,Sweden
Deerdre,Laflin,Female,34,Hörby,Sweden
Manny,Mollitt,Male,14,Cachachi,Peru
Viva,Estabrook,Female,36,Mino,Japan
Leilah,Aliman,Female,52,Grand Rapids,United States
Mikey,MacKnockiter,Male,55,Satsumasendai,Japan
Patrizius,Crisall,Male,44,Zagoryanskiy,Russia
Spenser,Megarry,Male,39,Kudymkar,Russia
Smitty,McCaw,Male,54,Ivanovskoye,Russia
Dede,Blight,Female,30,Vänersborg,Sweden
Gilberto,Cogar,Male,23,Slantsy,Russia
Micheil,Morecomb,Male,41,El Paso,United States
Em,Langtree,Male,31,Lonya Chico,Peru
Dilly,Hallums,Male,33,Opechenskiy Posad,Russia
Horace,Verry,Male,54,Idritsa,Russia
Ellswerth,Spelling,Male,50,Monchegorsk,Russia
Ernie,Zavattari,Male,53,Atlanta,United States
Odo,Lympany,Male,51,Ivanteyevka,Russia
Else,Andrini,Female,22,Nizhniy Lomov,Russia
Jose,Dyball,Male,61,Krasnotur’insk,Russia
Cal,Caizley,Female,51,Puerto Varas,Chile
Edee,Claisse,Female,41,Ozëry,Russia
Fran,Loveless,Male,25,Ystad,Sweden
Cly,Josephson,Male,42,Acobamba,Peru
Hugo,Scoggin,Male,26,Watari,Japan
Fletch,Robbert,Male,33,Chiclayo,Peru
Alric,Britney,Male,56,Melaka,Malaysia
Deck,Venny,Male,50,Huntington Beach,United States
Michele,Audrey,Male,41,Polyarnyye Zori,Russia
Willi,Mundie,Male,60,Nynäshamn,Sweden
Dwight,Sirr,Male,16,Mesa,United States
Lory,Cundey,Female,15,Kagal’nitskaya,Russia
Ringo,Stoves,Male,21,Vereshchagino,Russia
Kirstin,Anderl,Female,36,Oskarshamn,Sweden
Camala,Harrismith,Female,46,Frutillar,Chile
Bettina,Pechan,Female,37,Pryazha,Russia
Brian,Schirok,Male,57,Oktyabr’skiy,Russia
Mathew,Huggen,Male,43,Yaizu,Japan
Anitra,O'Dougherty,Female,20,Temizhbekskaya,Russia
Myrna,Cadalleder,Female,26,Ino,Japan
Ashil,Callear,Female,29,Indianapolis,United States
Mirabelle,Scarrisbrick,Female,44,Kashirskoye,Russia
Bjorn,Philippeaux,Male,14,Yegorlykskaya,Russia
Lucian,Cooney,Male,45,Tawau,Malaysia
Jerrold,Moralee,Male,32,Lafayette,United States
Artair,Tatem,Male,42,Omaha,United States
Giacomo,Gabriely,Male,14,Milwaukee,United States
Paolo,Foxwell,Male,61,Vostryakovo,Russia
Prudy,Olczak,Female,39,Hitachi,Japan
Sonny,Cattermole,Male,33,Loncoche,Chile
Bancroft,Newcome,Male,49,Sychëvo,Russia
Henderson,Worpole,Male,41,Skene,Sweden
Alena,Beedie,Female,23,La Huaca,Peru
Maire,Amoss,Female,36,Anniston,United States
Clem,Sawfoot,Female,54,Krasnyy Oktyabr’,Russia
Jolyn,Leggin,Female,47,Spasskoye-Lutovinovo,Russia
Bernelle,Coxhell,Female,33,Nynäshamn,Sweden
Sharity,Ceschini,Female,55,Västerås,Sweden
Adria,Petkovic,Female,31,Dugulubgey,Russia
Lyda,Grogan,Female,33,Cherepovets,Russia
Antonietta,Thelwll,Female,37,Yur’yevets,Russia
Cesya,Sunshine,Female,47,Toledo,United States
Cindy,Cassie,Female,55,Nagai,Japan
Westleigh,Schuelcke,Male,17,Tōbetsu,Japan
Yolanda,Croci,Female,15,Novozybkov,Russia
Fey,Coward,Female,64,Nevinnomyssk,Russia
Rafaelia,Batchelour,Female,63,Ashibetsu,Japan
Hildegaard,Alston,Female,46,Kitahiroshima,Japan
Wylie,Dallas,Male,40,Sundsvall,Sweden
Kermit,Damarell,Male,45,Seversk,Russia
Joan,Stenhouse,Female,57,Hartford,United States
Amie,Benazet,Female,20,Mosrentgen,Russia
Fae,Conibere,Female,55,Västerås,Sweden
Kay,McSkin,Female,59,Kholbon,Russia
Kizzie,Claypole,Female,49,Donskoye,Russia
Alvie,Franciottoi,Male,51,Mar’ina Roshcha,Russia
Sybila,Stickley,Female,15,Vypolzovo,Russia
Juliann,Alessandrelli,Female,54,Togitsu,Japan
Remington,Bonder,Male,33,Hannō,Japan
Sancho,Darrell,Male,43,Novokuybyshevsk,Russia
Hyatt,Jeffcoate,Male,14,Norsborg,Sweden
Elwood,Farrants,Male,23,Tokuyama,Japan
Meredeth,Miners,Male,30,Aghsu,Azerbaijan
Inger,McGavin,Female,17,Berlin,Germany
Shannan,Nicklen,Male,20,Seattle,United States
Daune,McNellis,Female,19,Stockton,United States
Jocelyn,Strang,Female,54,Bogovarovo,Russia
Angela,Savins,Female,33,Kitaibaraki,Japan
Charlotta,Deal,Female,18,Fukuroi,Japan
Eran,Falco,Female,44,Lincoln,United States
Lian,Danev,Female,24,Tol’yatti,Russia
Hillyer,McCue,Male,48,Budenovetc,Russia
Ruggiero,Greenhowe,Male,64,Helsingborg,Sweden
Inna,Late,Female,17,Mitake,Japan
Pietra,Thorndycraft,Female,22,Saatlı,Azerbaijan
Isidro,Revett,Male,25,Austin,United States
Edgar,Kirkebye,Male,19,Kumla,Sweden
Mitzi,Sharland,Female,55,Alunda,Sweden
Susette,Goskar,Female,18,Muchkapskiy,Russia
Kayle,Lowder,Female,60,Kotovo,Russia
Chere,Gammill,Female,41,Van Nuys,United States
Rollins,Ashpital,Male,40,Pampas,Peru
Chan,Scurrell,Male,32,Cotabambas,Peru
Devan,Duggen,Female,53,Klyuchevsk,Russia
Petronella,Feldbaum,Female,15,Kushiro,Japan
Rosemary,Sandford,Female,49,Chiara,Peru
Quincey,Skylett,Male,61,Huayllo,Peru
Valina,Drains,Female,39,San Jose,United States
Katalin,Pitchers,Female,16,Lawrenceville,United States
Saundra,Ragbourne,Female,55,Karlskrona,Sweden
Goddard,Lampet,Male,55,Phoenix,United States
Harwell,Pavett,Male,30,Kōriyama,Japan
Jorry,Crowch,Female,57,Volgo-Kaspiyskiy,Russia
Ibby,Gard,Female,55,Zapatero,Peru
Ciel,Pitsall,Female,20,Tirlyanskiy,Russia
Theobald,Lawranson,Male,16,Remscheid,Germany
Merlina,Itzkowicz,Female,53,Podgornoye,Russia
Cherish,Posner,Female,26,Norrköping,Sweden
Maxy,Glastonbury,Male,63,Oskarshamn,Sweden
Brina,Bavage,Female,51,Fukayachō,Japan
Aldric,Letty,Male,17,Herne,Germany
Rhea,Puddephatt,Female,59,Tsuyama,Japan
Sansone,Insley,Male,50,Puyehue,Chile
Erick,Cavey,Male,36,Norrköping,Sweden
Staffard,Staves,Male,61,Köln,Germany
Georgina,Reinard,Female,37,Parral,Chile
Roman,Trelevan,Male,16,Västra Frölunda,Sweden
Celie,Veare,Female,46,Rechitsy,Russia
Brand,Ledstone,Male,49,Gävle,Sweden
Stephana,Perulli,Female,61,Kedrovoye,Russia
Sidnee,Pairpoint,Male,21,Ostashkov,Russia
Chevy,Pudney,Male,25,Krasnyy Oktyabr’,Russia
Erma,O' Mulderrig,Female,32,Aricapampa,Peru
Merwin,Dowell,Male,46,Nema,Russia
Roze,Wilcott,Female,45,Bochum,Germany
Lyon,Selliman,Male,27,Louisville,United States
Farra,Cadwaladr,Female,55,Vershino-Shakhtaminskiy,Russia
Puff,Palfrie,Male,19,Grebenskaya,Russia
Muire,Capozzi,Female,60,Volzhskiy,Russia
Lyn,Straffon,Female,15,Neuss,Germany
Lesley,Espinet,Male,50,Kawanoechō,Japan
Mira,Poveleye,Female,63,Krasnaya Polyana,Russia
Grete,Yaus,Female,39,Lesnyye Polyany,Russia
Cindelyn,MacAscaidh,Female,35,Ryūō,Japan
Hal,Barringer,Male,62,Kashima-shi,Japan
Darleen,Van den Broek,Female,64,Dallas,United States
Susi,Tink,Female,32,Pushkino,Russia
Seumas,Burgh,Male,61,Bol’shaya Setun’,Russia
Syd,O'Duggan,Male,24,Cedar Rapids,United States
Thatcher,Meritt,Male,44,Kalmar,Sweden
Patrick,Glasgow,Male,36,Masaki-chō,Japan
Bernardo,Quarles,Male,43,Lyaskelya,Russia
Isac,Soutar,Male,38,Caballococha,Peru
Juliane,Woodyear,Female,34,Kalnibolotskaya,Russia
Nap,Mccaull,Male,30,Brunflo,Sweden
Flor,Larroway,Female,53,Tunoshna,Russia
Evvie,Alton,Female,32,Juli,Peru
Orin,Benediktsson,Male,37,Karlstad,Sweden
Dougie,Rose,Male,43,Nikolayevka,Russia
Pandora,Longridge,Female,27,Остров Пасхи,Chile
Wanids,Orrin,Female,46,Krasnogorskoye,Russia
Engelbert,Barnsdall,Male,48,Rauco,Chile
Hogan,Jorry,Male,24,Borås,Sweden
Wandie,Lucock,Female,37,Turka,Russia
Feodor,MacDearmid,Male,30,Mulchén,Chile
Sebastian,Matejka,Male,29,Evansville,United States
Jacquenetta,Lipgens,Female,19,Shirahamachō-usazakiminami,Japan
Merry,Bodiam,Female,17,Susanino,Russia
Kelli,Pennetti,Female,26,Sawara,Japan
Alard,Hagerty,Male,41,Kashin,Russia
Ahmed,Trevor,Male,36,Saitama,Japan
Northrup,Yanson,Male,30,Tibro,Sweden
Drucy,Rigglesford,Female,44,Dallas,United States
Borden,Bunt,Male,43,Fukumitsu,Japan
Carly,Artinstall,Male,55,Oyama,Japan
Barr,Everist,Male,16,Aksha,Russia
Benoite,Atger,Female,65,Huambalpa,Peru
Sebastiano,Munton,Male,30,Hasuda,Japan
Aldous,Crisell,Male,22,Asahi,Japan
Carin,Pepall,Female,63,Borovskiy,Russia
Hillard,Timeby,Male,48,Staten Island,United States
Eustace,Stoltz,Male,54,Karlstad,Sweden
Max,Peckitt,Female,14,Shaami-Yurt,Russia
Wanids,Liddall,Female,27,Vatutino,Russia
Augustine,Lambshine,Female,41,Nybro,Sweden
Elisa,Gounin,Female,45,Katsuura,Japan
Tate,Bissett,Female,42,Kuantan,Malaysia
Maddi,Cotes,Female,29,Makabe,Japan
Kaia,Goodger,Female,22,Shchigry,Russia
Zahara,Charlesworth,Female,27,Santa Ana,United States
Suki,Parrish,Female,64,Kirovsk,Russia
Ward,Danhel,Male,18,Kronshtadt,Russia
Pippo,McLane,Male,35,Arlöv,Sweden
Boot,Attenbrow,Male,37,Spassk,Russia
Leese,Josefovic,Female,40,Chagoda,Russia
Ema,Shatliff,Female,18,Krasnyy Yar,Russia
Misha,Snarie,Female,43,Maloarkhangel’sk,Russia
Magda,Ibbitt,Female,34,Columbus,United States
Carlota,Empringham,Female,42,Frankfurt am Main,Germany
Merrill,Whimpenny,Male,53,Urukh,Russia
Wilmette,Brixey,Female,59,Åtvidaberg,Sweden
Myranda,Hiddersley,Female,65,Grecheskoye,Russia
Sofia,Casserly,Female,28,Kitami,Japan
Idalia,Riehm,Female,16,Mayskiy,Russia
Gayle,Van Dalen,Female,17,Seremban,Malaysia
Layton,Viste,Male,34,Guadalupe,Peru
Salvador,Cellone,Male,60,Himi,Japan
Wallie,Gilderoy,Female,54,Iwakura,Japan
Brunhilda,Perone,Female,47,Qusar,Azerbaijan
Maudie,Jarnell,Female,43,Egvekinot,Russia
Mordecai,Boteman,Male,50,Novaya Mayna,Russia
Tiff,Navaro,Female,55,Molochnoye,Russia
Winny,Swayton,Female,53,Sölvesborg,Sweden
Bryanty,Yggo,Male,42,Columbus,United States
Jethro,Pounsett,Male,49,Vostryakovo,Russia
Eadith,Ofener,Female,32,Fort Wayne,United States
Hersch,Galsworthy,Male,14,Dal’neye Konstantinovo,Russia
Prentice,Winterbourne,Male,27,Rawang,Malaysia
Horacio,Foxley,Male,41,Saskylakh,Russia
Thaxter,Pobjoy,Male,46,Wakkanai,Japan
Sarine,Capeling,Female,33,Vrangel’,Russia
Coriss,Weeke,Female,64,Svetogorsk,Russia
Filmore,Facey,Male,40,Psygansu,Russia
Baxy,Conklin,Male,40,Murmashi,Russia
Roanna,Lashmore,Female,24,Podporozh’ye,Russia
Sharon,Kubes,Female,62,Vetluzhskiy,Russia
Page,Aldwick,Female,41,Koga,Japan
Chiquia,Chenery,Female,43,Staraya Derevnya,Russia
Millicent,Cargenven,Female,16,Berlin,Germany
Marthena,Midgely,Female,25,Pryamitsyno,Russia
Reube,Ventum,Male,20,Bungo-Takada-shi,Japan
Evy,McGettigan,Female,33,Mel’nikovo,Russia
Tildy,Wyldish,Female,37,Biloxi,United States
Brigid,Twohig,Female,15,Stroitel’,Russia
Upton,Jerams,Male,41,Conchucos,Peru
Lilia,Beer,Female,33,Suvorovskaya,Russia
Annalise,Matyja,Female,63,Oktyabr’skiy,Russia
Faunie,Mosdell,Female,29,Berlin,Germany
Rosalie,Lushey,Female,30,Peterhof,Russia
Fredric,Bushel,Male,60,Lokot’,Russia
Freddy,Catenot,Female,21,Kudamatsu,Japan
Gloria,Pauletti,Female,21,Uppsala,Sweden
Bria,Lepard,Female,44,Frösön,Sweden
Kessia,Snadden,Female,35,Kremenki,Russia